runs	WildcatMarket	WildcatMarketRevolving	OpenTermHooks	FixedTermHooks	PeriodicTermHooks	HooksFactory	HooksFactoryRevolving	PeriodicTransferHooks	PeriodicBorrowHooks	PeriodicAprReplacementHooks	MarketLens	MarketLensCore	MarketLensAggregator	MarketLensLive	all_runtime_fit
1	23778	24334	15367	16813	20100	16576	17126	20941	21405	20773	4512	20991	21997	5777	True
2	23788	24344	15367	16813	20100	16576	17126	20941	21405	20773	4512	20991	21997	5777	True
3	23785	24341	15367	16813	20100	16576	17126	20941	21405	20723	4512	20991	21997	5777	True
4	23785	24341	15367	16813	20062	16576	17126	20903	21367	20723	4512	20991	21997	5777	True
5	23802	24358	15347	16813	20062	16610	17160	20903	21367	20714	4512	20991	21997	5777	True
6	23802	24358	15347	16813	20062	16610	17160	20903	21367	20714	4512	20991	21997	5777	True
7	23802	24358	15347	16813	20062	16610	17160	20903	21367	20714	4512	20991	21997	5777	True
8	23802	24358	15347	16813	20062	16610	17160	20903	21367	20714	4512	20991	21997	5777	True
9	23802	24358	15347	16813	20062	16610	17160	20903	21367	20714	4512	20991	22036	5777	True
10	23802	24358	15347	16813	20062	16610	17160	20903	21367	20714	4512	20991	22036	5777	True
11	23802	24358	15347	16780	20026	16610	17160	20903	21367	20714	4512	21010	22040	5777	True
12	23802	24358	15382	16815	20059	16610	17160	20938	21402	20745	4512	21023	22059	5777	True
13	23802	24358	15382	16815	20059	16623	17200	20938	21402	20745	4512	21123	22059	5777	True
14	23891	24447	15412	16845	20089	16635	17212	20930	21394	20731	4512	21123	22105	5777	True
15	24059	24628	15412	16845	20089	16635	17212	20930	21394	20731	4512	21123	22105	5777	False
16	24059	24628	15412	16845	20089	16635	17212	20930	21394	20731	4512	21123	22105	5777	False
17	24057	24626	15410	16843	20086	16634	17211	20927	21391	20728	4512	21130	22104	5775	False
18	24057	24626	15410	16843	20086	16633	17210	20927	21391	20728	4512	21130	22121	5775	False
19	24041	24610	15410	16843	20086	16633	17210	20927	21391	20728	4512	21130	22121	5775	False
20	24041	24610	15410	16843	20086	16633	17210	20927	21391	20728	4512	21130	22121	5775	False
21	24041	24610	15410	16843	20086	16633	17210	20927	21391	20728	4512	21130	22116	5775	False
22	24041	24610	15410	16843	20086	16633	17210	20927	21391	20728	4512	21130	22116	5775	False
23	24041	24610	15441	16843	20117	16633	17210	20958	21422	20759	4512	21130	22116	5775	False
24	24041	24610	15441	16843	20117	16633	17210	20958	21422	20759	4512	21130	22116	5775	False
25	24041	24610	15441	16843	20117	16633	17210	20958	21422	20759	4512	21130	22116	5775	False
26	24046	24615	15431	16833	20107	16633	17210	20958	21422	20759	4512	21130	22116	5775	False
27	24046	24615	15431	16833	20107	16633	17210	20958	21422	20759	4512	21159	22116	5775	False
28	24046	24615	15431	16833	20107	16633	17210	20958	21422	20759	4512	21159	22168	5775	False
29	24046	24615	15431	16833	20107	16683	17220	20958	21422	20759	4512	21159	22168	5775	False
30	24046	24615	15431	16833	20107	16683	17220	20958	21422	20759	4512	21159	22168	5775	False
31	24046	24615	15431	16876	20107	16728	17265	20958	21422	20759	4512	21159	22168	5775	False
32	24046	24615	15431	16876	20107	16728	17265	20958	21422	20759	4512	21159	22168	5775	False
33	24046	24615	15431	16876	20107	16728	17265	20958	21422	20759	4512	21159	22168	5775	False
34	24044	24613	15433	16880	20111	16728	17266	20962	21426	20764	4512	21159	22171	5778	False
35	24044	24613	15433	16880	20111	16728	17266	20962	21426	20764	4512	21159	22171	5778	False
36	24044	24613	15433	16880	20111	16728	17266	20962	21426	20764	4512	21159	22171	5778	False
37	24044	24613	15433	16880	20111	16728	17266	20962	21426	20764	4512	21159	22171	5778	False
38	24044	24613	15433	16880	20111	16728	17266	20962	21426	20764	4512	21159	22171	5778	False
39	24044	24613	15433	16880	20111	16728	17266	20962	21426	20764	4512	21159	22171	5778	False
40	24044	24613	15433	16880	20111	16728	17266	20962	21426	20764	4512	21159	22171	5778	False
41	24044	24613	15433	16880	20111	16728	17266	20962	21426	20764	4512	21159	22171	5778	False
42	24044	24613	15424	16881	20102	16740	17278	20953	21417	20755	4512	21159	22163	5781	False
43	24044	24613	15424	16881	20102	16740	17278	20953	21417	20755	4512	21159	22163	5781	False
44	24044	24613	15424	16881	20102	16740	17278	20953	21417	20755	4512	21159	22163	5781	False
