group	operation	runs1	runs5	runs13	runs14	default44	release44
revolving-fixed	apr-increase	74267	74189	74189	74015	72932	63287
revolving-fixed	apr-reduction	97078	97000	97000	96826	95727	86085
revolving-fixed	borrow-existing	87107	87029	87029	86855	86124	79127
revolving-fixed	borrow-first	104207	104129	104129	103955	103224	96227
revolving-fixed	deposit-existing-accrued	115959	115791	115728	115570	114534	106241
revolving-fixed	deposit-existing-same-timestamp	106121	106043	105980	105822	104813	97366
revolving-fixed	deposit-first	179350	179272	179209	179051	178016	170569
revolving-fixed	execute-withdrawal	85856	85778	85778	85601	84806	77816
revolving-fixed	manual-close	91575	91461	91461	91211	90484	83246
revolving-fixed	queue-existing-batch	119992	119884	119833	119607	118059	107579
revolving-fixed	queue-new-batch	199480	199282	199231	199005	197583	188983
revolving-fixed	repay-accrued	81160	80992	80992	80834	80072	72510
revolving-fixed	transfer-existing-recipient	94563	94485	94434	94276	93238	85885
revolving-fixed	transfer-new-recipient	143668	143590	143527	143369	142231	134821
revolving-fixed	update-accrued	61746	61578	61578	61452	60552	52596
revolving-fixed	update-batch-expiry	86250	85944	85944	85725	84438	73572
revolving-fixed	update-same-timestamp	51361	51283	51283	51157	50311	43182
revolving-open	apr-increase	71833	71755	71755	71581	70577	60950
revolving-open	apr-reduction	94746	94668	94668	94494	93474	83850
revolving-open	borrow-existing	87107	87029	87029	86855	86124	79127
revolving-open	borrow-first	104207	104129	104129	103955	103224	96227
revolving-open	deposit-existing-accrued	115916	115697	115685	115527	114572	106030
revolving-open	deposit-existing-same-timestamp	106078	105949	105937	105779	104851	97155
revolving-open	deposit-first	179307	179178	179166	179008	178054	170358
revolving-open	execute-withdrawal	85868	85790	85790	85613	84818	77828
revolving-open	manual-close	85238	85124	85124	84874	84147	77056
revolving-open	queue-existing-batch	119718	119559	119559	119333	117901	107224
revolving-open	queue-new-batch	188821	188662	188662	188436	187184	179233
revolving-open	repay-accrued	81160	80992	80992	80834	80072	72510
revolving-open	transfer-existing-recipient	94520	94391	94391	94233	93276	85674
revolving-open	transfer-new-recipient	143625	143496	143484	143326	142269	134610
revolving-open	update-accrued	61746	61578	61578	61452	60552	52596
revolving-open	update-batch-expiry	86250	85944	85944	85725	84438	73572
revolving-open	update-same-timestamp	51361	51283	51283	51157	50311	43182
revolving-open-penalty	cure-penalty	68915	68837	68837	68679	67977	NA
revolving-open-penalty	expire-underfunded-batch	149744	149438	149438	149219	148102	NA
revolving-open-penalty	update-in-penalty	61778	61610	61610	61484	60646	NA
revolving-open-repayment	activate-repayment	86729	86561	86561	86387	85561	NA
revolving-open-repayment	borrow-first	107088	107010	107010	106836	106099	NA
revolving-open-repayment	deposit-first	182188	182059	182047	181889	180929	NA
revolving-open-repayment	execute-after-automatic-closure	88184	88106	88106	87929	87161	NA
revolving-open-repayment	queue-in-repayment	174290	174182	174182	173956	172789	NA
revolving-open-repayment	record-deadline-default-and-expiry	87856	87523	87523	87304	86124	NA
revolving-open-repayment	recover-surplus	61817	61739	61739	61613	60896	NA
revolving-open-repayment	repay-and-automatically-close	85339	85261	85261	85071	84351	NA
revolving-open-repayment	repay-before-date	75656	75578	75578	75420	74706	NA
revolving-open-repayment	repay-partial-in-repayment	82997	82907	82907	82749	81935	NA
revolving-open-repayment	update-before-date	61827	61659	61659	61533	60627	NA
revolving-open-repayment	update-in-penalty	69746	69566	69566	69440	68431	NA
revolving-periodic	apr-increase	77577	77442	77391	77217	76184	66500
revolving-periodic	borrow-existing	87107	87029	87029	86855	86124	79127
revolving-periodic	borrow-first	104207	104129	104129	103955	103224	96227
revolving-periodic	deposit-existing-accrued	115952	115784	115772	115614	114659	106396
revolving-periodic	deposit-existing-same-timestamp	106114	106036	106024	105866	104938	97521
revolving-periodic	deposit-first	179343	179265	179253	179095	178141	170724
revolving-periodic	execute-withdrawal	85856	85778	85778	85601	84806	77816
revolving-periodic	manual-close	97982	97868	97868	97618	96895	89831
revolving-periodic	periodic-execute-apr	77123	76898	76847	76673	75506	66878
revolving-periodic	periodic-propose-apr	61981	61792	61750	61750	61610	59186
revolving-periodic	queue-existing-batch	120964	120757	120715	120489	118998	107981
revolving-periodic	queue-new-batch	200452	200155	200113	199887	198522	189385
revolving-periodic	repay-accrued	81160	80992	80992	80834	80072	72510
revolving-periodic	transfer-existing-recipient	94688	94610	94610	94452	93495	86172
revolving-periodic	transfer-new-recipient	143793	143715	143703	143545	142488	135108
revolving-periodic	update-accrued	61746	61578	61578	61452	60552	52596
revolving-periodic	update-batch-expiry	86250	85944	85944	85725	84438	73572
revolving-periodic	update-same-timestamp	51361	51283	51283	51157	50311	43182
standard-fixed	apr-increase	74223	74145	74145	73971	72888	63243
standard-fixed	apr-reduction	97034	96956	96956	96782	95683	86041
standard-fixed	borrow-existing	79375	79297	79297	79123	78351	71310
standard-fixed	borrow-first	79375	79297	79297	79123	78351	71310
standard-fixed	deposit-existing-accrued	113541	113373	113310	113152	112140	103805
standard-fixed	deposit-existing-same-timestamp	106077	105999	105936	105778	104769	97322
standard-fixed	deposit-first	179306	179228	179165	179007	177972	170525
standard-fixed	execute-withdrawal	85856	85778	85778	85601	84806	77816
standard-fixed	manual-close	88511	88397	88397	88147	87376	80094
standard-fixed	queue-existing-batch	119992	119884	119833	119607	118059	107579
standard-fixed	queue-new-batch	196559	196361	196310	196084	194713	186071
standard-fixed	repay-accrued	73329	73161	73161	73003	72295	64647
standard-fixed	transfer-existing-recipient	94519	94441	94390	94232	93194	85841
standard-fixed	transfer-new-recipient	143580	143502	143439	143281	142143	134733
standard-fixed	update-accrued	58825	58657	58657	58531	57682	49684
standard-fixed	update-batch-expiry	82408	82102	82102	81883	80698	69748
standard-fixed	update-same-timestamp	51361	51283	51283	51157	50311	43182
standard-open	apr-increase	71789	71711	71711	71537	70533	60906
standard-open	apr-reduction	94702	94624	94624	94450	93430	83806
standard-open	borrow-existing	79375	79297	79297	79123	78351	71310
standard-open	borrow-first	79375	79297	79297	79123	78351	71310
standard-open	deposit-existing-accrued	113498	113279	113267	113109	112178	103594
standard-open	deposit-existing-same-timestamp	106034	105905	105893	105735	104807	97111
standard-open	deposit-first	179263	179134	179122	178964	178010	170314
standard-open	execute-withdrawal	85868	85790	85790	85613	84818	77828
standard-open	manual-close	82174	82060	82060	81810	81039	73904
standard-open	queue-existing-batch	119718	119559	119559	119333	117901	107224
standard-open	queue-new-batch	188821	188662	188662	188436	187184	179233
standard-open	repay-accrued	73329	73161	73161	73003	72295	64647
standard-open	transfer-existing-recipient	94476	94347	94347	94189	93232	85630
standard-open	transfer-new-recipient	143537	143408	143396	143238	142181	134522
standard-open	update-accrued	58825	58657	58657	58531	57682	49684
standard-open	update-batch-expiry	82408	82102	82102	81883	80698	69748
standard-open	update-same-timestamp	51361	51283	51283	51157	50311	43182
standard-open-penalty	cure-penalty	66805	66727	66727	66569	65870	NA
standard-open-penalty	expire-underfunded-batch	145902	145596	145596	145377	144362	NA
standard-open-penalty	update-in-penalty	58857	58689	58689	58563	57776	NA
standard-open-repayment	activate-repayment	83808	83640	83640	83466	82691	NA
standard-open-repayment	borrow-first	82256	82178	82178	82004	81226	NA
standard-open-repayment	deposit-first	182144	182015	182003	181845	180885	NA
standard-open-repayment	execute-after-automatic-closure	88184	88106	88106	87929	87161	NA
standard-open-repayment	queue-in-repayment	174290	174182	174182	173956	172789	NA
standard-open-repayment	record-deadline-default-and-expiry	84014	83681	83681	83462	82384	NA
standard-open-repayment	recover-surplus	61817	61739	61739	61613	60896	NA
standard-open-repayment	repay-and-automatically-close	83060	82982	82982	82792	82075	NA
standard-open-repayment	repay-before-date	68746	68668	68668	68510	67799	NA
standard-open-repayment	repay-partial-in-repayment	76087	75997	75997	75839	75028	NA
standard-open-repayment	update-before-date	58906	58738	58738	58612	57757	NA
standard-open-repayment	update-in-penalty	66825	66645	66645	66519	65561	NA
standard-periodic	apr-increase	77533	77398	77347	77173	76140	66456
standard-periodic	borrow-existing	79375	79297	79297	79123	78351	71310
standard-periodic	borrow-first	79375	79297	79297	79123	78351	71310
standard-periodic	deposit-existing-accrued	113534	113366	113354	113196	112265	103960
standard-periodic	deposit-existing-same-timestamp	106070	105992	105980	105822	104894	97477
standard-periodic	deposit-first	179299	179221	179209	179051	178097	170680
standard-periodic	execute-withdrawal	85856	85778	85778	85601	84806	77816
standard-periodic	manual-close	94918	94804	94804	94554	93787	86679
standard-periodic	periodic-execute-apr	74202	73977	73926	73752	72636	63966
standard-periodic	periodic-propose-apr	61981	61792	61750	61750	61610	59186
standard-periodic	queue-existing-batch	120964	120757	120715	120489	118998	107981
standard-periodic	queue-new-batch	197531	197234	197192	196966	195652	186473
standard-periodic	repay-accrued	73329	73161	73161	73003	72295	64647
standard-periodic	transfer-existing-recipient	94644	94566	94566	94408	93451	86128
standard-periodic	transfer-new-recipient	143705	143627	143615	143457	142400	135020
standard-periodic	update-accrued	58825	58657	58657	58531	57682	49684
standard-periodic	update-batch-expiry	82408	82102	82102	81883	80698	69748
standard-periodic	update-same-timestamp	51361	51283	51283	51157	50311	43182
